ID,NAME,PRICE,OLD_PRICE,STOCK,BRAND
43664,LEGO #14362905,24.99,29.99,0,LEGO
18450,s.Oliver #1574690,35.99,35.99,12,s.Oliver
15348,ESPRIT #796418,48.99,69.99,0,ESPRIT
16113,Friboo #62442,29.99,34.99,0,Friboo
9893,NIKE #1283807,24.99,24.99,6,NIKE
14541,s.Oliver #2119423,25.99,25.99,3,s.Oliver
22704,s.Oliver #3253651,29.99,29.99,5,s.Oliver
19302,Sony #1798446,69.99,69.99,0,Sony
42878,LEGO #9929190,30.99,39.95,0,LEGO
40755,s.Oliver #7538143,8.99,8.99,8,s.Oliver
4361,LEGO #168389,29.99,29.99,0,LEGO
467,s.Oliver #5687,22.99,22.99,0,s.Oliver
10920,s.Oliver #744328,23.99,23.99,0,s.Oliver
9848,VANS #912582,74.95,74.95,5,VANS
35022,SIKU #6797897,36.99,39.99,68,SIKU
16520,LEGO #1086696,33.99,36.99,340,LEGO
24525,LEGO #8545040,59.99,69.99,2,LEGO
2044,LEGO #269858,26.99,29.99,95,LEGO
28348,PLAYMOBIL #6962213,16.99,17.99,86,PLAYMOBIL
44074,LEGO #3138861,29.99,29.99,0,LEGO
37596,LEGO #11751436,29.99,29.99,0,LEGO
314,PLAYMOBIL #86252,18.99,19.99,94,PLAYMOBIL
30821,JOY TOY #5656921,7.99,7.99,183,JOY TOY
18171,SIKU #4143756,18.99,19.99,43,SIKU
48738,UNDERCOVER #2462931,4.99,7.99,37,UNDERCOVER
28398,PLAYMOBIL #4161522,18.99,23.99,34,PLAYMOBIL
34074,PLAYMOBIL #6358024,41.99,59.99,361,PLAYMOBIL
15436,LEGO #1196398,221.99,299.99,177,LEGO
43787,PLAYMOBIL #5860360,63.99,82.99,500,PLAYMOBIL
312,PLAYMOBIL #20059,4.29,3.99,184,PLAYMOBIL
45802,PLAYMOBIL #12865528,23.99,29.99,328,PLAYMOBIL
13726,PLAYMOBIL #700159,27.99,34.99,30,PLAYMOBIL
32269,LEGO #10847620,34.99,49.99,281,LEGO
19132,PLAYMOBIL #4073444,8.49,9.99,75,PLAYMOBIL
1968,PLAYMOBIL #56567,76.99,104.99,131,PLAYMOBIL
47433,PLAYMOBIL #14841456,14.99,16.99,236,PLAYMOBIL
47271,PLAYMOBIL #3755351,28.99,37.99,114,PLAYMOBIL
13395,PLAYMOBIL #2781318,25.99,33.99,150,PLAYMOBIL
28105,PLAYMOBIL #2361956,7.49,7.99,71,PLAYMOBIL
20347,LEGO #6429784,9.49,9.99,261,LEGO
30185,SIKU #8498723,33.99,39.99,30,SIKU
41078,PLAYMOBIL #9528919,43.99,56.99,394,PLAYMOBIL
31255,PLAYMOBIL #10892898,83.99,114.99,123,PLAYMOBIL
49135,PLAYMOBIL #1628099,8.49,9.99,136,PLAYMOBIL
44262,LEGO #10858542,18.99,19.99,377,LEGO
830,PLAYMOBIL #30044,17.99,19.99,64,PLAYMOBIL
48455,JOY TOY #5286205,8.49,4.99,3,JOY TOY
36044,LEGO #5938952,14.99,14.99,1097,LEGO
32521,LEGO #8940928,14.99,14.99,229,LEGO
25289,Universal #1823891,9.99,9.99,0,Universal
33065,PLAYMOBIL #5503230,17.99,19.99,22,PLAYMOBIL
13497,LEGO #2156688,53.99,59.99,123,LEGO
14492,LEGO #1066907,90.99,99.99,210,LEGO
1397,PLAYMOBIL #337649,9.49,9.99,113,PLAYMOBIL
30604,PLAYMOBIL #4973903,11.99,13.99,199,PLAYMOBIL
49101,PLAYMOBIL #2155560,57.99,77.99,198,PLAYMOBIL
42422,PLAYMOBIL #698556,11.99,13.99,52,PLAYMOBIL
11919,SIKU #2148864,19.99,22.99,5,SIKU
12114,SIKU #833906,19.99,19.99,143,SIKU
41916,LEGO #13760358,87.99,119.99,286,LEGO
44751,PLAYMOBIL #14639658,25.99,34.99,129,PLAYMOBIL
35192,UNDERCOVER #1812325,15.99,19.99,107,UNDERCOVER
29674,PLAYMOBIL #2166675,60.99,72.99,29,PLAYMOBIL
42418,PLAYMOBIL #2543072,35.99,47.99,136,PLAYMOBIL
10617,LEGO #3572427,88.99,89.99,10,LEGO
4347,SIKU #818043,306.99,339.0,6,SIKU
18514,PLAYMOBIL #5190980,6.49,8.49,130,PLAYMOBIL
15320,SIKU #4695620,20.99,22.99,35,SIKU
30803,UNDERCOVER #7301690,9.49,9.99,32,UNDERCOVER
37635,JOY TOY #3009101,11.99,12.99,49,JOY TOY
42964,JOY TOY #3279311,4.79,7.99,17,JOY TOY
5461,LEGO #1895535,39.99,49.99,43,LEGO
24701,JOY TOY #7452765,11.99,16.99,4,JOY TOY
13637,UNDERCOVER #3898797,6.49,9.99,57,UNDERCOVER
9706,PLAYMOBIL #537028,18.99,19.99,58,PLAYMOBIL
9485,SIKU #1800538,24.99,27.99,26,SIKU
1048,LEGO #217157,29.99,29.99,0,LEGO
49715,s.Oliver #2513935,25.99,29.99,5,s.Oliver
10416,EB KIDS #1930809,31.99,39.99,0,EB KIDS
30883,LEGO #4798152,16.99,16.99,0,LEGO
48023,s.Oliver #1716176,25.99,25.99,0,s.Oliver
29760,s.Oliver #9430226,49.99,49.99,2,s.Oliver
1909,ESPRIT #430635,22.99,29.99,4,ESPRIT
16437,s.Oliver #873028,48.95,69.95,4,s.Oliver
8891,s.Oliver #1359471,13.99,13.99,0,s.Oliver
15883,s.Oliver #5056602,19.99,19.99,1,s.Oliver
44611,s.Oliver #11189509,17.99,17.99,4,s.Oliver
12900,s.Oliver #1573233,13.99,13.99,0,s.Oliver
7999,ESPRIT #1391009,35.0,49.95,0,ESPRIT
34066,LEGO #5624811,9.99,9.99,0,LEGO
32877,LEGO #3713508,29.99,29.99,0,LEGO
36447,LEGO #9390396,16.99,16.99,0,LEGO
10764,s.Oliver #668722,19.99,19.99,1,s.Oliver
37004,NIKE #9759569,33.0,33.0,5,NIKE
24960,NIKE #6371917,25.0,25.0,9,NIKE
2289,s.Oliver #102352,25.99,25.99,8,s.Oliver
45280,s.Oliver #12981015,15.99,15.99,0,s.Oliver
20046,LEGO #4896500,9.99,9.99,0,LEGO
9180,LEGO #2265408,9.99,9.99,0,LEGO
34034,s.Oliver #9595654,36.99,39.99,11,s.Oliver
27219,s.Oliver #421816,10.99,11.99,0,s.Oliver
1394,s.Oliver #103894,11.99,11.99,0,s.Oliver
48619,s.Oliver #15869774,17.99,17.99,0,s.Oliver
1552,TOMMY HILFIGER #208032,27.99,27.99,19,TOMMY HILFIGER
30718,s.Oliver #8948362,29.99,29.99,0,s.Oliver
20940,NIKE #801238,39.99,39.99,1,NIKE
24974,PLAYMOBIL #4830667,44.99,59.99,0,PLAYMOBIL
10475,TOMMY HILFIGER #803396,15.99,49.99,0,TOMMY HILFIGER
25872,s.Oliver #8176000,29.99,29.99,0,s.Oliver
47260,s.Oliver #14308414,39.99,39.99,1,s.Oliver
14225,ESPRIT #4499729,29.99,29.99,5,ESPRIT
6637,Friboo #740609,34.99,34.99,0,Friboo
41471,LEGO #12717505,12.99,14.99,144,LEGO
44686,LEGO #8352461,24.99,32.99,788,LEGO
42142,LEGO #14155874,32.99,39.99,260,LEGO
13197,LEGO #3262515,32.99,39.99,204,LEGO
18542,LEGO #1699204,17.99,19.99,328,LEGO
10830,LEGO #2183969,30.99,32.99,45,LEGO
36095,PLAYMOBIL #2128686,9.99,9.99,71,PLAYMOBIL
22737,LEGO #3219424,17.99,19.99,314,LEGO
24103,LEGO #737391,16.99,19.99,301,LEGO
48891,LEGO #9851310,18.99,19.99,2841,LEGO
23084,LEGO #6375429,23.99,29.99,844,LEGO
5464,LEGO #814752,35.99,39.99,89,LEGO
27770,LEGO #6789119,14.99,14.99,222,LEGO
23302,LEGO #6335150,23.99,29.99,576,LEGO
18149,LEGO #3226541,45.99,49.99,628,LEGO
10649,LEGO #1611515,9.99,9.99,99,LEGO
39915,LEGO #13422305,9.99,9.99,324,LEGO
36004,LEGO #11249816,25.99,29.99,481,LEGO
686,PLAYMOBIL #136969,23.99,29.99,325,PLAYMOBIL
13966,PLAYMOBIL #3182811,18.99,19.99,232,PLAYMOBIL
11169,LEGO #2403428,35.99,49.99,190,LEGO
15868,LEGO #5236899,25.99,29.99,165,LEGO
30917,LEGO #6776161,18.99,19.99,307,LEGO
893,LEGO #227603,44.99,59.99,93,LEGO
49470,LEGO #17301292,23.99,29.99,316,LEGO
3314,UNDERCOVER #1026005,9.99,9.99,18,UNDERCOVER
32042,LEGO #1935889,14.99,14.99,648,LEGO
15794,LEGO #4561840,6.99,4.99,490,LEGO
33952,UNDERCOVER #3337812,9.99,9.99,7,UNDERCOVER
12903,UNDERCOVER #4255599,9.99,9.99,21,UNDERCOVER
7300,LEGO #2325904,17.99,19.99,344,LEGO
20955,LEGO #5103994,20.99,24.99,176,LEGO
10485,LEGO #1338034,73.99,99.99,132,LEGO
4731,LEGO #1239921,23.99,29.99,285,LEGO
24118,LEGO #4352987,20.99,24.99,13,LEGO
21938,LEGO #121625,55.99,69.99,261,LEGO
33,LEGO #657,19.99,24.99,324,LEGO
11301,PLAYMOBIL #1123536,18.99,19.99,77,PLAYMOBIL
43803,PLAYMOBIL #2994093,14.99,16.49,89,PLAYMOBIL
24173,PLAYMOBIL #3219158,68.99,92.99,111,PLAYMOBIL
20748,PLAYMOBIL #2546187,8.99,9.29,143,PLAYMOBIL
24028,LEGO #1180870,39.99,39.99,556,LEGO
30334,LEGO #10705555,4.79,3.99,655,LEGO
9566,LEGO #177845,8.49,9.99,377,LEGO
29751,LEGO #6655089,4.79,4.99,308,LEGO
43368,LEGO #3625314,22.99,29.99,142,LEGO
27492,LEGO #5556585,20.99,24.95,0,LEGO
42950,LEGO #5660673,48.99,59.99,203,LEGO
37943,LEGO #10757061,26.99,29.99,307,LEGO
19644,LEGO #127062,21.99,24.95,6,LEGO
32284,PLAYMOBIL #6561326,20.99,23.99,327,PLAYMOBIL
42164,PLAYMOBIL #1104345,62.99,82.99,510,PLAYMOBIL
37424,LEGO #1965128,35.99,44.99,151,LEGO
40482,LEGO #14058264,35.99,39.99,331,LEGO
15256,LEGO #1211961,9.49,9.99,110,LEGO
15704,UNDERCOVER #5122596,7.49,8.99,36,UNDERCOVER
19729,LEGO #664442,120.99,129.99,142,LEGO
2913,LEGO #77835,5.99,5.99,280,LEGO
28268,LEGO #255213,76.99,99.99,142,LEGO
44689,LEGO #2665615,9.99,9.99,368,LEGO
23322,LEGO #3762533,24.99,29.99,150,LEGO
43617,PLAYMOBIL #14414502,15.99,19.99,264,PLAYMOBIL
36547,JOY TOY #6904742,38.99,54.99,8,JOY TOY
17735,LEGO #1326619,7.99,9.99,78,LEGO
5671,JOY TOY #525193,7.49,3.99,44,JOY TOY
8450,LEGO #2898209,14.99,14.99,0,LEGO
36559,LEGO #335540,35.99,39.99,189,LEGO
15852,LEGO #499401,14.99,14.99,268,LEGO
34058,LEGO #9029579,31.99,39.99,243,LEGO
43780,LEGO #5937937,60.99,79.99,548,LEGO
16011,LEGO #4060004,17.99,19.99,934,LEGO
11273,LEGO #322392,68.99,89.99,272,LEGO
27986,LEGO #1542406,8.49,9.99,244,LEGO
17782,LEGO #6244272,7.99,9.99,298,LEGO
43687,PLAYMOBIL #14659322,25.99,33.99,172,PLAYMOBIL
36851,STABILO #5296346,30.99,49.99,13,STABILO
24560,LEGO #2349437,15.99,16.99,173,LEGO
36948,PLAYMOBIL #3275636,18.99,19.99,292,PLAYMOBIL
36639,PLAYMOBIL #12116293,18.99,19.99,443,PLAYMOBIL
24843,LEGO #5171532,17.99,19.99,373,LEGO
47473,LEGO #9051562,73.99,99.99,194,LEGO
17068,LEGO #4601690,70.99,79.99,135,LEGO
17201,LEGO #4577251,17.99,19.99,420,LEGO
8832,LEGO #14742,47.99,59.99,307,LEGO
44233,LEGO #7564184,68.99,89.99,183,LEGO
821,LEGO #71835,35.99,39.99,193,LEGO
6134,LEGO #2091489,39.99,39.99,470,LEGO
21335,UNDERCOVER #216579,5.49,9.99,16,UNDERCOVER
38668,UNDERCOVER #2731372,8.99,9.99,119,UNDERCOVER
25945,UNDERCOVER #6696030,4.99,9.99,25,UNDERCOVER
36353,UNDERCOVER #10021879,9.49,9.99,0,UNDERCOVER
36428,LEGO #5803298,27.99,34.99,253,LEGO
24775,LEGO #6613441,25.99,29.99,145,LEGO
33278,STABILO #1053350,7.99,8.15,16,STABILO
3311,STABILO #651242,5.99,8.15,18,STABILO
5590,JOY TOY #1706793,13.99,19.99,18,JOY TOY
30680,UNDERCOVER #2091403,5.99,9.99,69,UNDERCOVER
25990,LEGO #1959568,9.99,9.99,0,LEGO
27037,LEGO #5722329,34.99,39.99,896,LEGO
9504,STABILO #2825610,7.49,8.15,22,STABILO
31034,STABILO #1684979,6.99,8.15,5,STABILO
29993,STABILO #6418624,6.99,8.15,38,STABILO
18715,PLAYMOBIL #5950473,39.99,54.99,226,PLAYMOBIL
12025,PLAYMOBIL #2157081,25.99,33.99,389,PLAYMOBIL
14410,LEGO #491803,9.49,9.99,296,LEGO
37564,LEGO #1925174,23.99,29.99,182,LEGO
17741,LEGO #3727118,112.99,149.99,226,LEGO
49054,SIKU #2779169,21.99,24.99,57,SIKU
19895,PLAYMOBIL #6761912,86.99,124.99,230,PLAYMOBIL
3244,LEGO #729085,23.99,24.99,342,LEGO
24692,LEGO #3782426,19.99,19.99,719,LEGO
6922,LEGO #1712715,50.99,69.99,175,LEGO
45177,LEGO #8294935,13.99,17.95,0,LEGO
26366,LEGO #1207353,13.99,14.99,193,LEGO
40527,LEGO #595610,65.99,69.99,114,LEGO
45091,LEGO #14588550,43.99,59.99,275,LEGO
24912,LEGO #7292839,14.99,15.95,0,LEGO
29739,LEGO #8494971,18.99,19.99,53,LEGO
48912,LEGO #14815513,47.99,59.99,328,LEGO
42488,LEGO #9326233,8.49,9.99,480,LEGO
40464,LEGO #11028368,14.99,14.99,275,LEGO
37916,LEGO #3989572,18.99,19.99,385,LEGO
15340,LEGO #966744,17.99,19.95,17,LEGO
44959,PLAYMOBIL #3329032,12.99,13.49,75,PLAYMOBIL
14931,PLAYMOBIL #4569376,13.99,15.49,94,PLAYMOBIL
14158,LEGO #2231159,21.99,24.99,59,LEGO
3602,LEGO #487393,15.99,19.99,462,LEGO
35848,Sony #11381505,12.99,9.99,0,Sony
10557,Sony #2304980,7.99,12.99,0,Sony
43387,LEGO #2020434,45.99,49.99,346,LEGO
27233,PLAYMOBIL #3265884,22.99,29.99,501,PLAYMOBIL
12543,LEGO #3213530,9.99,9.99,27,LEGO
616,LEGO #152212,24.99,29.99,473,LEGO
6759,LEGO #596834,14.99,14.99,182,LEGO
15578,LEGO #4122184,9.99,9.99,29,LEGO
12759,LEGO #537029,18.99,19.99,635,LEGO
36358,LEGO #4716818,17.99,19.99,250,LEGO
48405,LEGO #2208749,52.99,69.99,552,LEGO
5839,Universal #1359701,6.99,7.99,2,Universal
26043,LEGO #7775495,18.99,22.99,205,LEGO
32725,LEGO #4900439,9.49,9.99,165,LEGO
48444,LEGO #3722574,43.99,59.99,869,LEGO
8792,LEGO #1269825,8.99,8.99,23,LEGO
6289,Universal #2100576,21.99,24.99,1,Universal
41998,ESPRIT #8319311,10.99,15.95,12,ESPRIT
35488,PLAYMOBIL #9514603,7.99,7.99,214,PLAYMOBIL
5762,PLAYMOBIL #444138,12.99,14.99,74,PLAYMOBIL
39468,Sony #11369991,12.99,10.99,1,Sony
27740,LEGO #3355457,40.99,49.99,101,LEGO
38704,Sony #6409884,12.99,9.99,1,Sony
3920,Universal #1373247,6.99,7.99,3,Universal
42836,Sony #1045495,14.99,14.99,4,Sony
48104,PLAYMOBIL #1056737,12.99,15.49,94,PLAYMOBIL
49924,PLAYMOBIL #7512081,30.99,39.99,149,PLAYMOBIL
23146,Sony #7332813,10.99,10.99,0,Sony
25669,LEGO #4119853,17.99,19.99,0,LEGO
33941,PLAYMOBIL #11938367,50.99,62.99,227,PLAYMOBIL
48586,Sony #4739761,15.99,15.99,0,Sony
1152,LEGO #162802,16.99,19.99,324,LEGO
35537,LEGO #12419421,24.99,29.99,147,LEGO
29540,PLAYMOBIL #1863662,19.99,19.99,0,PLAYMOBIL
18212,Universal #6172007,8.99,12.99,2,Universal
18379,PLAYMOBIL #2800411,20.99,23.99,85,PLAYMOBIL
8564,LEGO #2275137,17.99,19.99,294,LEGO
35291,Universal #8125094,8.99,9.99,4,Universal
23053,LEGO #5466805,30.99,39.99,422,LEGO
15848,LEGO #3732758,16.99,19.99,500,LEGO
36100,LEGO #12771713,13.99,14.99,171,LEGO
49748,LEGO #2453920,101.99,129.99,20,LEGO
28547,LEGO #4578090,65.99,89.99,647,LEGO
17284,LEGO #2168200,17.99,19.99,536,LEGO
30991,LEGO #623157,12.99,14.99,0,LEGO
18892,LEGO #5806302,22.99,29.99,225,LEGO
11435,Sony #1182100,10.99,10.99,0,Sony
26178,crocs #7398000,39.95,39.95,17,crocs
44880,crocs #8210034,31.99,39.95,17,crocs
12846,crocs #1131785,39.95,39.95,29,crocs
24163,crocs #2639787,39.95,39.95,14,crocs
28934,VANS #3622524,44.99,64.95,3,VANS
12826,VANS #1928177,44.99,64.95,13,VANS
7826,VANS #2061460,44.99,64.95,1,VANS
38957,STABILO #4923851,12.99,19.99,0,STABILO
48578,TOMMY HILFIGER #16235848,8.99,8.99,4,TOMMY HILFIGER
39391,s.Oliver #9201037,31.99,39.99,0,s.Oliver
16962,PLAYMOBIL #4550507,13.99,14.49,0,PLAYMOBIL
38015,Sony #13005352,9.99,9.99,0,Sony
25936,STABILO #7993467,4.99,5.0,0,STABILO
5791,s.Oliver #1701232,15.99,15.99,0,s.Oliver
34784,Friboo #5025224,24.99,24.99,7,Friboo
30244,NIKE #7716446,54.99,54.99,6,NIKE
49278,s.Oliver #3942895,13.99,13.99,2,s.Oliver
6871,s.Oliver #1851908,9.99,9.99,0,s.Oliver
12303,s.Oliver #2068867,11.99,11.99,0,s.Oliver
44871,STABILO #15842988,13.99,13.95,0,STABILO
36169,LEGO #11601386,13.99,14.99,251,LEGO
46919,SIKU #13871465,15.99,16.99,56,SIKU
41026,PLAYMOBIL #13511031,22.99,28.99,285,PLAYMOBIL
23923,PLAYMOBIL #8375195,18.99,19.99,197,PLAYMOBIL
11180,UNDERCOVER #2896578,7.49,7.99,4,UNDERCOVER
34508,PLAYMOBIL #3692304,45.99,74.99,889,PLAYMOBIL
38341,LEGO #6306092,23.99,24.99,0,LEGO
21394,PLAYMOBIL #3149578,25.99,31.99,274,PLAYMOBIL
23702,JOY TOY #1031620,5.99,3.99,21,JOY TOY
43430,LEGO #2754774,81.99,89.99,5,LEGO
36937,LEGO #4136206,55.99,69.99,389,LEGO
16138,LEGO #582683,27.99,29.99,71,LEGO
31508,LEGO #9298587,34.99,39.99,390,LEGO
18859,PLAYMOBIL #1823393,38.99,47.99,262,PLAYMOBIL
19435,LEGO #257537,44.99,49.99,99,LEGO
30564,LEGO #9539025,53.99,69.99,154,LEGO
11789,LEGO #3911129,42.99,49.99,141,LEGO
17102,LEGO #4267807,42.99,54.99,619,LEGO
12137,SIKU #234658,18.99,22.99,55,SIKU
3513,LEGO #572744,30.99,39.99,187,LEGO
13816,LEGO #2361024,51.99,59.99,664,LEGO
3542,PLAYMOBIL #569104,59.99,77.99,104,PLAYMOBIL
29376,SIKU #8782287,23.99,27.99,45,SIKU
27838,LEGO #5251182,274.99,349.99,279,LEGO
20271,PLAYMOBIL #1275717,129.99,169.99,86,PLAYMOBIL
18086,LEGO #5419136,22.99,24.95,14,LEGO
49170,LEGO #4579670,37.99,49.99,102,LEGO
29892,UNDERCOVER #5451395,8.49,9.99,21,UNDERCOVER
34642,LEGO #9312059,47.99,59.99,157,LEGO
32316,SIKU #5670055,18.99,19.99,62,SIKU
31866,LEGO #10749960,18.99,19.99,299,LEGO
5652,LEGO #1217582,8.49,9.99,177,LEGO
24575,LEGO #2910194,5.49,4.99,76,LEGO
31464,LEGO #4774611,36.99,49.99,387,LEGO
12872,UNDERCOVER #2422625,7.49,9.99,49,UNDERCOVER
26496,LEGO #4276564,67.99,69.99,22,LEGO
25233,LEGO #7600449,20.99,24.99,735,LEGO
40588,LEGO #5374489,47.99,59.99,85,LEGO
49144,SIKU #8465666,17.99,17.99,11,SIKU
32642,PLAYMOBIL #3748815,30.99,36.49,289,PLAYMOBIL
44720,PLAYMOBIL #14294349,24.99,24.99,100,PLAYMOBIL
39583,SIKU #9308591,24.99,31.99,44,SIKU
9322,PLAYMOBIL #851725,5.49,3.49,1859,PLAYMOBIL
21083,LEGO #1931503,47.99,59.99,136,LEGO
9887,LEGO #3434617,34.99,39.99,326,LEGO
7158,LEGO #250083,84.99,109.99,53,LEGO
15344,LEGO #3242779,9.49,9.99,73,LEGO
35650,LEGO #7321764,30.99,34.99,174,LEGO
15445,LEGO #3698825,17.99,19.99,864,LEGO
1448,LEGO #300348,38.99,49.99,132,LEGO
43899,LEGO #9876195,73.99,99.99,220,LEGO
14473,LEGO #4321354,17.99,19.99,221,LEGO
14760,LEGO #3493279,37.99,39.99,167,LEGO
11781,LEGO #2231871,80.99,99.99,54,LEGO
48023,LEGO #13323154,33.99,39.99,375,LEGO
23682,LEGO #4583159,17.99,19.99,546,LEGO
37973,LEGO #2493904,53.99,69.99,104,LEGO
45077,LEGO #5879413,17.99,19.99,268,LEGO
3376,LEGO #1043142,39.99,49.99,131,LEGO
6411,LEGO #428106,78.99,99.99,152,LEGO
2795,PLAYMOBIL #167122,3.29,2.99,61,PLAYMOBIL
43712,LEGO #7832597,56.99,69.99,244,LEGO
23999,PLAYMOBIL #206678,3.29,2.99,78,PLAYMOBIL
44242,UNDERCOVER #6226080,8.99,9.99,12,UNDERCOVER
16475,LEGO #1717857,67.99,89.99,108,LEGO
42400,SIKU #2251871,26.99,29.99,101,SIKU
21251,PLAYMOBIL #4079469,31.99,33.99,120,PLAYMOBIL
38306,LEGO #647042,31.99,39.99,236,LEGO
45996,LEGO #11310389,27.99,29.99,152,LEGO
15147,LEGO #815883,117.99,149.99,899,LEGO
8076,LEGO #120510,36.99,39.95,0,LEGO
8605,LEGO #997562,28.99,34.99,179,LEGO
36252,LEGO #3467858,23.99,29.99,459,LEGO
33441,LACOSTE #4680736,63.99,84.95,12,LACOSTE
19780,LACOSTE #3864389,71.99,84.95,2,LACOSTE
2251,VANS #299540,58.99,84.95,0,VANS
14974,PLAYMOBIL #2276126,43.99,59.99,511,PLAYMOBIL
1217,PLAYMOBIL #318626,16.99,19.99,257,PLAYMOBIL
15158,LEGO #3683872,8.49,9.99,217,LEGO
30152,PLAYMOBIL #6776686,5.49,4.49,60,PLAYMOBIL
13755,PLAYMOBIL #2686282,5.49,4.99,129,PLAYMOBIL
18334,PLAYMOBIL #6357887,38.99,49.99,1929,PLAYMOBIL
43917,PLAYMOBIL #2715090,18.99,22.99,260,PLAYMOBIL
21516,PLAYMOBIL #5648555,5.49,4.99,146,PLAYMOBIL
11535,LEGO #3469020,7.99,9.99,0,LEGO
16379,PLAYMOBIL #4906114,22.99,26.99,31,PLAYMOBIL
2370,s.Oliver #190599,25.99,29.99,2,s.Oliver
22670,s.Oliver #4515056,8.99,9.99,0,s.Oliver
12033,ESPRIT #4214416,9.99,29.99,0,ESPRIT
2999,s.Oliver #577514,25.99,29.99,1,s.Oliver
29844,s.Oliver #9012165,17.99,19.99,4,s.Oliver
39643,s.Oliver #7819702,11.99,11.99,14,s.Oliver
42613,s.Oliver #8213822,31.99,39.99,2,s.Oliver
39712,LEGO #10442988,28.99,29.95,0,LEGO
37986,s.Oliver #10158306,29.99,29.99,1,s.Oliver
25981,NIKE #8970913,46.95,89.95,1,NIKE
7852,NIKE #169715,72.95,89.95,3,NIKE
33023,s.Oliver #1723334,25.99,25.99,2,s.Oliver
45067,s.Oliver #14531563,45.99,45.99,6,s.Oliver
34441,NIKE #5363700,47.95,54.95,1,NIKE
42920,NIKE #1418894,103.95,129.95,1,NIKE
28512,ESPRIT #3057629,39.0,49.95,1,ESPRIT
10250,NIKE #3561135,50.95,54.95,0,NIKE
30627,NIKE #7314715,60.95,69.95,0,NIKE
4211,NIKE #993432,36.95,59.95,1,NIKE
10862,NIKE #1626726,61.95,69.95,0,NIKE
8960,NIKE #334101,38.95,54.95,1,NIKE
24817,NIKE #4469401,100.95,149.95,1,NIKE
49432,NIKE #8550520,79.95,79.95,0,NIKE
34619,NIKE #1513705,44.95,54.95,1,NIKE
27146,NIKE #7468240,82.95,99.95,2,NIKE
36172,NIKE #12243393,48.95,69.95,2,NIKE
48841,NIKE #5739677,49.95,49.95,0,NIKE
5673,NIKE #1721427,48.95,54.95,2,NIKE
30938,NIKE #2854883,107.95,0.0,1,NIKE
285,NIKE #32332,41.95,54.95,4,NIKE
45629,NIKE #11538052,56.95,54.95,1,NIKE
42617,NIKE #9188904,61.95,54.95,0,NIKE
7575,NIKE #2105936,47.95,54.95,0,NIKE
16736,VANS #2361209,51.99,64.95,1,VANS
20767,NIKE #2725169,37.95,49.95,2,NIKE
4421,VANS #1519902,64.95,64.95,1,VANS
36587,NIKE #8025419,52.95,69.95,2,NIKE
49758,NIKE #13189625,62.95,69.95,1,NIKE
10256,s.Oliver #39079,39.99,39.99,0,s.Oliver
14350,LACOSTE #2678955,51.64,54.95,3,LACOSTE
46934,TOMMY HILFIGER #6814528,43.99,54.99,4,TOMMY HILFIGER
25403,crocs #5880996,23.99,29.99,24,crocs
28830,crocs #9274835,31.99,31.99,25,crocs
41890,s.Oliver #10824129,56.99,69.99,0,s.Oliver
3716,s.Oliver #191372,17.99,17.99,0,s.Oliver
47510,s.Oliver #2101964,39.99,39.99,0,s.Oliver
45495,s.Oliver #3319000,29.99,29.99,3,s.Oliver
34883,s.Oliver #254491,19.99,19.99,6,s.Oliver
12407,s.Oliver #4222389,39.99,39.99,4,s.Oliver
38617,s.Oliver #13076793,25.99,25.99,3,s.Oliver
38013,TOMMY HILFIGER #4470487,16.99,19.99,3,TOMMY HILFIGER
17254,ESPRIT #5472412,35.99,35.99,0,ESPRIT
41674,s.Oliver #5057382,39.99,39.99,2,s.Oliver
25804,NIKE #7940114,28.0,28.0,5,NIKE
6583,crocs #2186931,29.99,29.99,7,crocs
29080,s.Oliver #1451702,3.49,6.99,0,s.Oliver
44608,s.Oliver #3537112,9.99,9.99,6,s.Oliver
43928,s.Oliver #701306,11.99,11.99,0,s.Oliver
38161,s.Oliver #2592119,9.99,9.99,1,s.Oliver
17545,s.Oliver #667657,39.99,39.99,2,s.Oliver
24185,TOMMY HILFIGER #1128833,54.99,54.99,4,TOMMY HILFIGER
23349,s.Oliver #8067990,49.99,49.99,5,s.Oliver
34520,s.Oliver #12182572,29.99,29.99,5,s.Oliver
31291,NIKE #5384419,44.99,44.99,0,NIKE
28096,s.Oliver #3516752,9.99,9.99,7,s.Oliver
371,Friboo #103962,29.99,29.99,5,Friboo
41622,Friboo #9076119,29.99,29.99,16,Friboo
8017,s.Oliver #2134420,6.99,6.99,0,s.Oliver
40679,s.Oliver #1046561,6.99,6.99,0,s.Oliver
36409,UNDERCOVER #4418687,4.99,7.99,25,UNDERCOVER
38988,UNDERCOVER #4707297,5.49,7.99,23,UNDERCOVER
4612,UNDERCOVER #843932,4.99,6.99,20,UNDERCOVER
24371,UNDERCOVER #4168183,4.99,7.99,34,UNDERCOVER
12188,UNDERCOVER #3206214,4.99,7.99,29,UNDERCOVER
36582,Universal #5030434,6.99,7.99,3,Universal
39527,Sony #3118498,7.99,7.99,4,Sony
31481,LEGO #2884844,22.99,24.99,254,LEGO
12262,LEGO #1017599,26.99,34.99,122,LEGO
49393,PLAYMOBIL #2636846,13.99,15.99,52,PLAYMOBIL
33109,UNDERCOVER #4171906,8.49,9.99,27,UNDERCOVER
23740,SIKU #1457453,220.99,249.0,54,SIKU
5412,UNDERCOVER #121432,7.99,7.99,6,UNDERCOVER
5655,UNDERCOVER #625132,4.99,7.99,1,UNDERCOVER
34877,SIKU #1666372,280.99,299.0,43,SIKU
28949,UNDERCOVER #109297,4.99,7.99,14,UNDERCOVER
6278,PLAYMOBIL #201344,17.99,17.99,423,PLAYMOBIL
46189,SIKU #10045709,24.99,28.99,59,SIKU
42961,LEGO #1072983,39.99,49.99,151,LEGO
37322,LEGO #5403447,43.99,59.99,153,LEGO
19856,LEGO #4847116,25.99,29.99,211,LEGO
314,LEGO #20620,9.49,9.99,164,LEGO
41802,LEGO #8214413,23.99,29.99,36,LEGO
47187,PLAYMOBIL #7911956,26.99,32.99,44,PLAYMOBIL
8199,SIKU #1225719,27.99,29.99,32,SIKU
27135,SIKU #494232,6.49,7.99,43,SIKU
39839,Universal #9628517,8.49,10.99,75,Universal
48668,LEGO #12111403,14.99,14.99,0,LEGO
41154,ESPRIT #2478886,29.99,39.99,7,ESPRIT
37066,NIKE #4112055,35.99,44.99,0,NIKE
45641,s.Oliver #11676286,35.99,39.99,5,s.Oliver
43768,ESPRIT #11388875,44.99,49.99,3,ESPRIT
12135,Friboo #2516190,17.99,17.99,11,Friboo
7438,NIKE #1009974,74.99,74.99,3,NIKE
18554,NIKE #351315,34.99,34.99,0,NIKE
20574,s.Oliver #3113759,15.99,15.99,0,s.Oliver
35048,s.Oliver #63374,35.99,35.99,1,s.Oliver
37796,s.Oliver #823837,49.99,49.99,3,s.Oliver
12341,s.Oliver #4170073,6.99,6.99,1,s.Oliver
28018,NIKE #5736175,35.99,44.99,0,NIKE
29354,s.Oliver #5357188,29.99,29.99,3,s.Oliver
38485,VANS #9566442,58.99,84.95,9,VANS
42057,TOMMY HILFIGER #9886354,7.99,7.99,7,TOMMY HILFIGER
37221,NIKE #4348531,27.99,34.99,0,NIKE
4463,s.Oliver #659345,25.99,25.99,2,s.Oliver
8649,s.Oliver #1304941,7.99,8.99,6,s.Oliver
37530,s.Oliver #3067450,10.99,11.99,23,s.Oliver
23808,s.Oliver #360850,29.99,35.99,5,s.Oliver
34618,TOMMY HILFIGER #7946499,24.99,24.99,0,TOMMY HILFIGER
47901,ESPRIT #12046619,8.99,9.99,1,ESPRIT
34696,crocs #6504519,28.79,35.99,2,crocs
41069,s.Oliver #4879119,25.99,25.99,4,s.Oliver
6543,s.Oliver #1976150,29.99,29.99,6,s.Oliver
9908,s.Oliver #2375832,23.99,29.99,10,s.Oliver
143,crocs #27116,26.99,26.99,35,crocs
27920,s.Oliver #4110143,39.99,39.99,7,s.Oliver
28923,s.Oliver #4622617,39.99,39.99,3,s.Oliver
3456,s.Oliver #1210836,59.99,59.99,1,s.Oliver
23904,s.Oliver #4051049,13.99,13.99,1,s.Oliver
23584,s.Oliver #7773741,39.99,39.99,6,s.Oliver
39697,ESPRIT #2013944,39.99,39.99,2,ESPRIT
45681,s.Oliver #10714875,29.99,29.99,4,s.Oliver
